{"cameraMode":{"drawMode":0,"name":"Shaded","section":"Shading Mode"},"sceneLighting":true,"audioPlay":false,"sceneViewState":{"showFog":true,"showMaterialUpdate":false,"showSkybox":true,"showFlares":true,"showImageEffects":true,"showParticleSystems":true},"in2DMode":false,"pivot":{"x":-4.835899353027344,"y":5.497051239013672,"z":-2.5732421875},"rotation":{"x":-0.3380119800567627,"y":0.36590617895126345,"z":-0.14466463029384614,"w":-0.8549472689628601},"size":60.5207405090332,"orthographic":false}